{
    "ret": 0.42585643155741154,
    "mtx": [
        [
            951.500024888206,
            0.0,
            632.0766231355341
        ],
        [
            0.0,
            951.7799992661492,
            373.1398378872078
        ],
        [
            0.0,
            0.0,
            1.0
        ]
    ],
    "dist": [
        [
            -0.040257652701191825,
            0.40880066115298674,
            0.00015391751608320953,
            -0.0031506188653469356,
            -0.8955008119057477
        ]
    ],
    "rvecs": [
        [
            [
                0.4582905074718186
            ],
            [
                0.4490955505086093
            ],
            [
                3.0434401105558937
            ]
        ],
        [
            [
                0.18384952305589486
            ],
            [
                0.4055503931252887
            ],
            [
                2.962751046558086
            ]
        ],
        [
            [
                0.5102805405802415
            ],
            [
                0.3271847490498341
            ],
            [
                2.7636502243346754
            ]
        ],
        [
            [
                -0.33682305891119835
            ],
            [
                0.026147887719911268
            ],
            [
                -0.08586659959017308
            ]
        ],
        [
            [
                0.06763053329252244
            ],
            [
                -0.08827325126554224
            ],
            [
                -0.02528100922140387
            ]
        ],
        [
            [
                -0.32393293400617046
            ],
            [
                -0.2326289962933955
            ],
            [
                -0.19609511062960097
            ]
        ],
        [
            [
                0.20598232858544302
            ],
            [
                0.3306660057140236
            ],
            [
                2.8714059185972287
            ]
        ],
        [
            [
                0.04069879974653435
            ],
            [
                -0.12685508280102484
            ],
            [
                0.014634693981128493
            ]
        ],
        [
            [
                0.6102149176734882
            ],
            [
                0.3799239382359028
            ],
            [
                2.8516927494581337
            ]
        ],
        [
            [
                0.231083863284592
            ],
            [
                0.5207073539117725
            ],
            [
                2.938022586432525
            ]
        ],
        [
            [
                -0.2314368626518756
            ],
            [
                -0.20221968846092855
            ],
            [
                -0.12235419360708313
            ]
        ],
        [
            [
                -0.10741453596318329
            ],
            [
                -0.015812412787854266
            ],
            [
                -3.1347471291747078
            ]
        ],
        [
            [
                0.13021900743222373
            ],
            [
                -0.10443150156188438
            ],
            [
                3.023129465685103
            ]
        ],
        [
            [
                -0.20697685656274603
            ],
            [
                -0.2805928518374306
            ],
            [
                -0.13156859870159182
            ]
        ],
        [
            [
                0.12441162653348889
            ],
            [
                -0.2623134807524584
            ],
            [
                0.055490728054019854
            ]
        ],
        [
            [
                -0.09158140963596195
            ],
            [
                -0.16373884197202063
            ],
            [
                0.16090403607381443
            ]
        ],
        [
            [
                0.7647713771115773
            ],
            [
                0.4583898446830161
            ],
            [
                2.7541206968089047
            ]
        ]
    ],
    "tvecs": [
        [
            [
                7.619451790320676
            ],
            [
                3.9091820937598665
            ],
            [
                17.50076590838761
            ]
        ],
        [
            [
                -1.748692328249743
            ],
            [
                2.574015326775242
            ],
            [
                18.310748682416698
            ]
        ],
        [
            [
                9.307475145650786
            ],
            [
                -1.4545805302021717
            ],
            [
                18.206605577071475
            ]
        ],
        [
            [
                -6.517619015493443
            ],
            [
                -5.06377276366983
            ],
            [
                19.908184588516246
            ]
        ],
        [
            [
                1.9075600698875155
            ],
            [
                -0.0654082400255654
            ],
            [
                14.730501133066744
            ]
        ],
        [
            [
                -0.5139727998644044
            ],
            [
                -4.079573558896184
            ],
            [
                18.206882459587717
            ]
        ],
        [
            [
                8.447277116060686
            ],
            [
                2.5573567174550598
            ],
            [
                19.950383260170682
            ]
        ],
        [
            [
                -9.04978545795076
            ],
            [
                0.059873440669702224
            ],
            [
                19.45432138776522
            ]
        ],
        [
            [
                5.133212687252583
            ],
            [
                4.387099692074791
            ],
            [
                20.29757115947299
            ]
        ],
        [
            [
                8.759648218347044
            ],
            [
                0.2477487566519117
            ],
            [
                19.76747072920025
            ]
        ],
        [
            [
                -9.519080899939148
            ],
            [
                -5.075830211504837
            ],
            [
                17.248033434736644
            ]
        ],
        [
            [
                -4.232600250688292
            ],
            [
                0.09718954634446365
            ],
            [
                19.80636569635672
            ]
        ],
        [
            [
                -3.7103285321543162
            ],
            [
                4.75854208365146
            ],
            [
                18.777277237575326
            ]
        ],
        [
            [
                5.438078459923083
            ],
            [
                -4.993942829641049
            ],
            [
                19.646920602063307
            ]
        ],
        [
            [
                0.6222591919440168
            ],
            [
                -0.5093325884473552
            ],
            [
                16.099428550420296
            ]
        ],
        [
            [
                1.4843051189658312
            ],
            [
                -4.266627144396863
            ],
            [
                18.63920636857573
            ]
        ],
        [
            [
                3.5415546891528886
            ],
            [
                4.840895851181955
            ],
            [
                20.367182038380996
            ]
        ]
    ]
}